Workbook
Name _Fill: #REF!
Name _Key1: #REF!
Name _Key2: #REF!
Name _Order1: 255
Name _Order2: 255
Name _Sort: #REF!
Name a: BlankMacro1
Name aaa: BlankMacro1
Name ab: #REF!
Name asb: [1]노임단가!$Q$23
Name ash: [1]노임단가!$Q$19
Name asm: [1]노임단가!$Q$21
Name atb: [1]노임단가!$Q$17
Name ath: [1]노임단가!$Q$13
Name atm: [1]노임단가!$Q$15
Name atp: [1]노임단가!$Q$9
Name ats: [1]노임단가!$Q$11
Name b: #REF!
Name b: #REF!
Name BlankMacro1: #NAME?
Name CG: #REF!
Name CN: #REF!
Name cr________________040326_v2________: #REF!
Name csb: [1]노임단가!$I$23
Name csh: [1]노임단가!$I$19
Name csm: [2]노임단가!$I$21
Name ctb: [2]노임단가!$I$17
Name cth: [2]노임단가!$I$13
Name ctm: [2]노임단가!$I$15
Name ctp: [2]노임단가!$I$9
Name cts: [2]노임단가!$I$11
Name d: BlankMacro1
Name DB고급: #REF!
Name DB단순: #REF!
Name DB보통: #REF!
Name DB입력인일: #REF!
Name Digitizer댓수: #REF!
Name Digitizer비용: #REF!
Name DM: #REF!
Name dsb: [1]노임단가!$AD$23
Name dsh: [1]노임단가!$AD$19
Name dsm: [1]노임단가!$AD$21
Name esb: [1]노임단가!$M$23
Name esh: [1]노임단가!$M$19
Name esm: [1]노임단가!$M$21
Name etb: [1]노임단가!$M$17
Name eth: [1]노임단가!$M$13
Name etm: [1]노임단가!$M$15
Name ets: [1]노임단가!$M$11
Name GG: #REF!
Name gkdah: #REF!
Name GN: #REF!
Name hw비용: #REF!
Name iss_option: #REF!
Name iss_pn: #REF!
Name JG: #REF!
Name JN: #REF!
Name lab: [1]노임단가!$I$25
Name MDL: [3]Sheet1!$A:$A
Name msb: [1]노임단가!$AH$23

Sheet 표지
B4: 2026년도
A5: 2026년 부동산종합공부시스템 GeoNURIS for KRAS v1.0 유지보수 용역
C6: 기성내역서
A12: 양주시
B108: 0.49853 | C108: 0.0663 | D108: 0.08671 | E108: 0 | F108: 0 | G108: 6.89746
C112: 65.011 | D112: 0 | E112: 0

Sheet 기성 내역서
A1: 기 성 내 역 서
A3: 가. 용 역 명 : 2026년 부동산종합공부시스템 GeoNURIS for KRAS v1.0 유지보수 용역
A4: 나. 계 약 금 액 : 금9,240,000원(금구백이십사만원)
A5: 다. 선 금 금 액 : -
A6: 라. 전회기성금액 : -
A7: 마. 선급금 정산금액 : -
A8: 바. 금회기성신청금액 : 금4,620,000원(금사백육십이만원)
A9: 사. 수행기간: 2026.01~2026.12(12개월)
A10: 아. 내 역(부가가치세 포함)
A12: 구분 | B12: 도급액 | C12: 전회 기성부문 | E12: 금회 기성부문 | G12: 기성 누계 | I12: 준공금
B13: 금액(원) | C13: 금액(원) | D13: 비율(%) | E13: 금액(원) | F13: 비율(%) | G13: 금액(원) | H13: 비율(%) | I13: 금액(원) | J13: 비율(%)
A14: 상용소프트웨어 유지관리 | B14: =총괄표!H5 -> 8400000 | C14: 0 | D14: 0 | E14: =총괄표!F5 -> 4200000 | F14: 0.5 | G14: =E14 -> 4200000 | H14: =D14+F14 -> 0.5 | I14: =총괄표!G5 -> 4200000 | J14: =100%-H14 -> 0.5
A15: 소계 | B15: =B14 -> 8400000 | C15: 0 | E15: =E14 -> 4200000 | G15: =G14 -> 4200000 | I15: =I14 -> 4200000
A16: 부가가치세 | B16: =B15*0.1 -> 840000 | C16: 0 | E16: =E15*0.1 -> 420000 | G16: =G15*0.1 -> 420000 | I16: =I15*0.1 -> 420000
A17: 총합계 | B17: =B15+B16 -> 9240000 | E17: =E15+E16 -> 4620000 | G17: =G15+G16 -> 4620000 | I17: =I15+I16 -> 4620000
A18: 총계 | B18: =B17 -> 9240000 | C18: - | E18: =E17 -> 4620000 | G18: =G17 -> 4620000 | I18: =I17 -> 4620000

Sheet 총괄표
A1: 총 괄 표
A2: 구 분 | C2: 산출내역 | D2: 직접인건비 | E2: 경비 및 재료비 | F2: 기성금(6개월) | G2: 준공금(6개월) | H2: 소계 | I2: 비 고
B3: 1. 상용소프트웨어 유지관리
A4: 1. 도 시 계 획 자 료 조 사 | B4: GeoNURIS for KRAS 1.0 | D4: ='GeoNURIS for KRAS 1.0 유지관리'!H4 -> 8400000 | F4: ='GeoNURIS for KRAS 1.0 유지관리'!J4 -> 4200000 | G4: ='GeoNURIS for KRAS 1.0 유지관리'!L4 -> 4200000 | H4: =F4+G4 -> 8400000
A5: 합 계 | F5: =F4 -> 4200000 | G5: =G4 -> 4200000 | H5: =H4 -> 8400000
A6: 부 가 세 | F6: =F5*0.1 -> 420000 | G6: =G5*0.1 -> 420000 | H6: =H5*0.1 -> 840000
A7: 총합계 | F7: =SUM(F5:F6) -> 4620000 | G7: =SUM(G5:G6) -> 4620000 | H7: =H5+H6 -> 9240000
A8: 총 용 역 비 | F8: =F7 -> 4620000 | G8: =G7 -> 4620000 | H8: =F8+G8 -> 9240000

Sheet GeoNURIS for KRAS 1.0 유지관리
A1: 부동산종합공부시스템 국산 공간정보 SW 유지보수 용역 내역
A2: 시 스 템 목 록 | B2: 구 분 | D2: 총 액 (VAT 포함) | E2: 취득원가(원) (VAT별도) | F2: 요 율 | G2: 연간 유지관리비 | I2: 기성금 | K2: 준공금 | M2: 장비설명 | O2: 비 고
G3: 기 간 | H3: 금 액 (VAT별도) | I3: 기 간 | J3: 금 액 (VAT별도) | K3: 기 간 | L3: 금 액 (VAT별도)
A4: GeoNURIS for KRAS 1.0 | B4: GIS SW 유지관리 | D4: 77000000 | E4: 70000000 | F4: 0.12 | G4: 12 | H4: =E4*F4 -> 8400000 | I4: 6 | J4: =H4/(G4/I4) -> 4200000 | K4: 6 | L4: =H4-J4 -> 4200000
A5: *참고1. SW 유지관리 요율 - 부동산종합공부시스템 국산 공간정보 소프트웨어 유지보수 협약서 <별표 1> page
