Workbook

Sheet 표지
A5: 영덕군 도시계획정보체계(UPIS) 운영장비(H/W‧S/W) 유지관리 용역
A6: 기성(1회) 내역서
A15: 2025. 07
A22: 영 덕 군

Sheet 기성내역서
A1: 기성(제1회) 내역서
A3: 가. 용 역 명 : 영덕군 도시계획정보체계(UPIS) 운영장비(H/W‧S/W) 유지관리 용역 | H3: 감독관 경유
A4: 나. 계 약 금 액 : 금일천육백삼십팔만원(\16,380,000)
A5: 다. 선 금 금 액 : -
A6: 라. 전회기성금액 : -
A7: 마. 선급금 정산금액 : -
A8: 바. 금회기성신청금액 : 금팔백일십구만원(\8,190,000) | L8: 8190000
A9: 사. 내 역(부가가치세 포함)
A10: 구분 | B10: 도급액 | C10: 전회 기성부문 | E10: 금회 기성부문 | G10: 기성 누계 | I10: 잔액
B11: 금액(원) | C11: 금액(원) | D11: 비율(%) | E11: 금액(원) | F11: 비율(%) | G11: 금액(원) | H11: 비율(%) | I11: 금액(원) | J11: 비율(%)
A12: 1. 하드웨어 유지보수 | B12: =설계서!D5 | C12: 0 | D12: =C12/B12 | E12: =설계서!G5 | F12: =E12/B12 | G12: =C12+E12 | H12: =F12+D12 | I12: =B12-G12 | J12: =1-H12
A13: DB서버 | B13: =설계서!D6 | C13: 0 | D13: =C13/B13 | E13: =설계서!G6 | F13: =E13/B13 | G13: =C13+E13 | H13: =F13+D13 | I13: =B13-G13 | J13: =1-H13
A14: APP서버 | B14: =설계서!D7 | C14: 0 | D14: =C14/B14 | E14: =설계서!G7 | F14: =E14/B14 | G14: =C14+E14 | H14: =F14+D14 | I14: =B14-G14 | J14: =1-H14
A15: 2. 소프트웨어 유지보수 | B15: =설계서!D9 | C15: 0 | D15: =C15/B15 | E15: =설계서!G9 | F15: =E15/B15 | G15: =C15+E15 | H15: =F15+D15 | I15: =B15-G15 | J15: =1-H15
A16: DBMS | B16: =설계서!D10 | C16: 0 | D16: =C16/B16 | E16: =설계서!G10 | F16: =E16/B16 | G16: =C16+E16 | H16: =F16+D16 | I16: =B16-G16 | J16: =1-H16
A17: GIS엔진 | B17: =설계서!D11 | C17: 0 | D17: =C17/B17 | E17: =설계서!G11 | F17: =E17/B17 | G17: =C17+E17 | H17: =F17+D17 | I17: =B17-G17 | J17: =1-H17
A18: 합계 | B18: =(ROUNDDOWN((SUM(B12+B15)),-2)) | C18: =ROUNDDOWN((C12+C15),0) | D18: =C18/B18 | E18: =ROUNDDOWN((E12+E15),-4) | F18: =E18/B18 | G18: =ROUNDDOWN((G12+G15),-3) | H18: =F18+D18 | I18: =B18-G18 | J18: =1-H18

Sheet 설계서
A1: 총괄표
A2: 종별 | C2: 소계 | E2: 전회기성 | G2: 금회기성 | I2: 기성누계 | K2: 비 고
C3: 단가 | D3: 금액 | E3: 금액(원) | F3: 비율 | G3: 금액(원) | H3: 비율 | I3: 금액(원) | J3: 비율
A4: 1. 하드웨어 유지보수
A5: I. 유지보수대가 | D5: =SUM(D6,D7) | E5: =D5*F5 | F5: 0 | G5: =H5*D5 | H5: =$H$12 | I5: =G5+E5 | J5: =H5+F5
A6: 1 | B6: DB서버 | C6: =D6 | D6: 4082670.3 | E6: =D6*F6 | F6: 0 | G6: =H6*D6 | H6: =$H$12 | I6: =G6+E6 | J6: =H6+F6
A7: 2 | B7: AP서버 | C7: =D7 | D7: 1777152.3 | E7: =D7*F7 | F7: 0 | G7: =H7*D7 | H7: =$H$12 | I7: =G7+E7 | J7: =H7+F7
A8: 2. 소프트웨어 유지보수
A9: II. 유지보수대가 | D9: =SUM(D10,D11) | E9: =D9*F9 | F9: 0 | G9: =H9*D9 | H9: =$H$12 | I9: =G9+E9 | J9: =H9+F9 | O9: 16400000
A10: 1 | B10: D B M S | C10: =D10 | D10: 2104035.6 | E10: =D10*F10 | F10: 0 | G10: =H10*D10 | H10: =$H$12 | I10: =G10+E10 | J10: =H10+F10 | O10: 9560000
A11: 2 | B11: GIS엔진 | C11: =D11 | D11: 8416142.4 | E11: =D11*F11 | F11: 0 | G11: =H11*D11 | H11: =$H$12 | I11: =G11+E11 | J11: =H11+F11 | O11: =O10/O9
A12: 소계 (부가세 포함) | D12: =ROUND((D5+D9),-1) | E12: =D12*F12 | F12: 0 | G12: =H12*D12 | H12: 0.5 | I12: =G12+E12 | J12: =H12+F12

Sheet 참고
A1: ※ SW사업 대가산정 가이드 2016년 개정판(한국소프트웨어산업협회)
